title,link,desc
人民日报,http://paper.people.com.cn/rmrb/index.html,
海外版,http://paper.people.com.cn/rmrbhwb/paperindex.htm,
中国汽车报,http://www.cnautonews.com/,
中国能源报,http://paper.people.com.cn/zgnyb/paperindex.htm,
市场报网络版,http://www.marketdaily.com.cn/,
健康时报,http://paper.people.com.cn/jksb/paperindex.htm,
证券时报,http://www.stcn.com/,
国际金融报,http://paper.people.com.cn/gjjrb/,
新闻战线,http://paper.people.com.cn/xwzx/paperindex.htm,
人民论坛,http://paper.people.com.cn/rmlt/paperindex.htm,
人民周刊,http://paper.people.com.cn/rmzk/paperindex.htm,
环球人物,http://www.hqrw.com.cn/,
中国经济周刊,http://www.ceweekly.cn/,
民生周刊,http://www.msweekly.com/,
国家人文历史,http://history.people.com.cn/GB/198819/index.html,
新安全,http://paper.people.com.cn/xaq/paperindex.htm,
讽刺与幽默,http://paper.people.com.cn/fcyym/paperindex.htm,
中国城市报,http://paper.people.com.cn/zgcsb/paperindex.htm,
社区首页,http://bbs1.people.com.cn/,
强国论坛,http://bbs1.people.com.cn/board/1.html,
深入讨论,http://bbs1.people.com.cn/board/2.html,
人民微博,http://t.people.com.cn/,
强国博客,http://blog.people.com.cn/,
环球网,http://www.huanqiu.com/,
人民在线,http://www.peopleyuqing.com/,
海外网,http://www.haiwainet.cn/,
澳客网,http://www.okooo.com/,
公开课,http://mooc.people.cn/,
"中央文献网,中国共产党历史网,中组部12380举报网,全国社科规划网,统战新闻网,中直党建网,紫光阁网,人才网,人事考试网,人民信金融","http://www.wxyjs.org.cn/,http://www.zgdsw.org.cn,http://www.12380.gov.cn/,http://www.npopss-cn.gov.cn/,http://tyzx.people.cn/,http://www.zzdjw.org.cn/,http://www.zgg.gov.cn/,http://rencai.people.com.cn/,http://www.cpta.com.cn/,http://citic.people.cn/","|,|,|,|,|,|,|,|,|"
"毛主席纪念堂,周恩来纪念网,邓小平纪念网,人大新闻网,工会新闻网,女性之声,科普中国,知识产权,中直学习网,人民消防网,城市网","http://cpc.people.com.cn/GB/69112/113427/index.html,http://zhouenlai.people.cn/,http://www.dengxiaopingnet.com/,http://npc.people.com.cn/,http://acftu.people.com.cn/,http://www.womencn.cn/GB/index.html,http://kpzg.people.com.cn/,http://ip.people.com.cn/,http://www.cpscp.cn/,http://119.people.com.cn/,http://www.urbanchina.org/","|,|,|,|,|,|,|,|,|,|"
,,"
,
,
"
,,"
,
,
"
,,时政
,,社会
,,法治
,,国际
,,台港澳
,,军事
,,财经
,,"
,
,
"
,,"
,
,
"
,,"
,
,
"
,,"
,
,
"
,,"
,
,
"
,,"
,
,
"
,,"
,
,
"
,,"
,
,
"
,,"
,
,
"
,,"
,
,
"
,,"
,
,
"
,,"
,
,
"
,,"
,
,
"
,,"
,
,
"
,,"
,
,
"
,,"
,
,
"
,,"
,
,
"
,,"
,
,
"
,,"
,
,
"
,,"
,
,
"
,,"
,
,
"
,,"
,
,
"
,,"
,
,
"
,,"
,
,
"
,,"
,
,
"
,http://pic.people.com.cn/n1/2017/1109/c1016-29635187-3.html,
,http://culture.people.com.cn/n1/2017/1108/c1013-29634869.html,
,http://pic.people.com.cn/n1/2017/1108/c1016-29634558.html,
,http://pic.people.com.cn/n1/2017/1108/c1016-29634970.html ,
,http://pic.people.com.cn/n1/2017/1108/c1016-29634641.html,
,http://zj.people.com.cn/n2/2017/1108/c370990-30901250.html,
,http://chinapic.people.com.cn/forum.php?mod=viewthread&tid=5968399,"
"
,http://tv.people.com.cn/n1/2017/1108/c222296-29634431.html ,
,http://tv.people.com.cn/n1/2017/1106/c222296-29630209.html,
李克强主持召开经济形势专家和企业家座谈会,http://politics.people.com.cn/n1/2017/1109/c1001-29635179.html,
栗战书：全面把握中国特色社会主义进入新时代,http://politics.people.com.cn/n1/2017/1109/c1001-29635102.html,
国务院金融稳定发展委员会成立召开第一次会议,http://politics.people.com.cn/n1/2017/1109/c1001-29635103.html,
人民日报记者重访延安：这里迎着梦想的阳光,http://politics.people.com.cn/n1/2017/1109/c1001-29635121.html,
网上政务水平待提高：或语焉不详 或成为摆设,http://society.people.com.cn/n1/2017/1109/c1008-29635153.html,
,http://society.people.com.cn/n1/2017/1109/c1008-29635093.html,
,http://culture.people.com.cn/n1/2017/1109/c1013-29635175.html,
,http://henan.people.com.cn/n2/2017/1108/c351638-30900201.html,
,http://legal.people.com.cn/n1/2017/1108/c42510-29632728.html,
"互联网决不能对非法集资""网开一面""",http://opinion.people.com.cn/GB/223228/index.html,
开庭醉卧审判台还有什么资格当法官,http://opinion.people.com.cn/GB/40604/index.html, 
乡镇“错时延时工作制”，不妨一试,http://opinion.people.com.cn/GB/364597/index.html,
整治“萝卜招聘”不应该止于拔萝卜,http://opinion.people.com.cn/GB/159301/index.html,
被KO后 武僧一龙的神话为何破产,http://opinion.people.com.cn/GB/1036/index.html,
扶贫干部闪婚贫困户的真相是什么？,http://opinion.people.com.cn/n1/2017/1103/c1003-29626168.html,
,http://politics.people.com.cn/n1/2017/1107/c1001-29632514.html,
,http://politics.people.com.cn/n1/2017/1103/c1001-29625908.html,
图解：第十九届中共中央组织结构图,http://politics.people.com.cn/n1/2017/1025/c1001-29608841.html,
,,"
,
,
"
,,"
,
,
"
,,"
,
,
"
,,"
,
,
"
,,"
,
,
"
,,"
,
,
"
,,"
,
,
"
,,"
,
,
"
,,"
,
,
"
,,"
,
,
"
,,"
,
,
"
,,"
,
,
"
,,"
,
,
"
,,"
,
,
"
,,"
,
,
"
,,"
,
,
"
,,"
,
,
"
,,"
,
,
"
,,"
,
,
"
,,"
,
,
"
,,"
,
,
"
,,"
,
,
"
,,"
,
,
"
,,"
,
,
"
,,"
,
,
"
,,"
,
,
"
,,"
,
,
"
,,"
,
,
"
,,"
,
,
"
,,"
,
,
"
习近平作报告全场71次掌声 （附原音）,http://politics.people.com.cn/n1/2017/1018/c1001-29595185.html,
习近平与三位基层党代表的亲切互动,http://politics.people.com.cn/n1/2017/1020/c1001-29599746.html,
,,
郭声琨:奋力开创新时代公安工作新局面,http://politics.people.com.cn/n1/2017/1109/c1001-29635111.html,
体育总局:武术从业人员不得自创门派,http://politics.people.com.cn/n1/2017/1108/c1001-29635013.html,
蒋超良：办好新时代的湖北“讲习所”,http://hb.people.com.cn/n2/2017/1108/c192237-30902102.html,
我国前十个月货物贸易进出口增长近两成,http://finance.people.com.cn/n1/2017/1108/c1004-29634440.html,
中越智库论坛在越召开 研讨中共十九大,http://world.people.com.cn/n1/2017/1108/c1002-29634958.html,
第34次南极科考队出征 筹备第五个考察站,http://scitech.people.com.cn/n1/2017/1109/c1007-29635109.html,
党的十九大报告单行本中文繁体版在港热销,http://society.people.com.cn/n1/2017/1109/c1008-29635130.html,
,,
北京冬奥会场馆和基础设施建设已全面开工,http://sports.people.com.cn/n1/2017/1109/c14820-29635090.html,
"携程回应虐童事件:已报警,亲子园停业整顿","http://society.people.com.cn/n1/2017/1108/c1008-29634790.html,http://society.people.com.cn/n1/2017/1109/c1008-29635075.html", 
最高法徐家新:科学配置人力防止干警过劳,http://legal.people.com.cn/n1/2017/1108/c42510-29634951.html ,
在华意大利籍教师翻译推介十九大相关文件,http://world.people.com.cn/n1/2017/1109/c1002-29635172.html,
去年中国钢产量达8亿吨 连续16年世界第一,http://zj.people.com.cn/n2/2017/1107/c228592-30897904.html,
"中消协发布9大提示:""双十一""消费者应理性",http://fashion.people.com.cn/n1/2017/1108/c1014-29633918.html,
坚持“优中选优” 238项工程再获鲁班奖,http://society.people.com.cn/n1/2017/1108/c1008-29634279.html ,
科学晨练把握六重点 办公间隙的健身小招,http://health.people.com.cn/n1/2017/1108/c14739-29633008.html,
15人“组团”购彩斩获1000万 露脸领奖,http://caipiao.people.com.cn/n1/2017/1108/c373276-29633189.html,
习近平十九大后首次出访 5大看点,http://cpc.people.com.cn/xuexi/n1/2017/1109/c385474-29635379.html,
汪洋与美国商务部长罗斯举行会谈,http://cpc.people.com.cn/n1/2017/1109/c64094-29635259.html,
,http://renshi.people.com.cn/n1/2017/1109/c139617-29635400.html,
丁薛祥任中央直属机关工委书记(图/简历),http://renshi.people.com.cn/n1/2017/1108/c139617-29633606.html,
尤权任中央统战部部长(图/简历),http://renshi.people.com.cn/n1/2017/1107/c139617-29632388.html,
监察体制改革试点成绩:3地监察对象均翻倍,http://fanfu.people.com.cn/n1/2017/1107/c64371-29630694.html,
国际社会热议中国“分两步走”的新目标,http://cpc.people.com.cn/n1/2017/1109/c64387-29635297.html,
湖南省张家界市委领导班子调整,http://renshi.people.com.cn/n1/2017/1108/c139617-29633270.html,
湖北武汉发布梁铁中、孙志军任前公示,http://renshi.people.com.cn/n1/2017/1108/c139617-29633507.html,
"海南省三名干部因严重违纪被""双开""",http://fanfu.people.com.cn/n1/2017/1108/c64371-29633176.html,
,,"
,
,
"
,,"
,
,
"
,,"
,
,
"
,,"
,
,
"
,,"
,
,
"
,,"
,
,
"
,,"
,
,
"
,,"
,
,
"
,,"
,
,
"
,,"
,
,
"
,,"
,
,
"
,,"
,
,
"
,,"
,
,
"
,,"
,
,
"
,,"
,
,
"
国际学者点赞中国特色社会主义,http://world.people.com.cn/n1/2017/1019/c1002-29596400.html,
解密人类复杂疾病基因 昆士兰大学教授荣…,http://australia.people.com.cn/n1/2017/1019/c408038-29596370.html,
"美国""职场枪击”凶手逃跑后再打伤一人 …",http://world.people.com.cn/n1/2017/1019/c1002-29596249.html,
美国联邦法导致阿片类药物泛滥 260万…,http://world.people.com.cn/n1/2017/1019/c1002-29596245.html,
葡萄牙山火逾百人丧生 内政部长辞职担责,http://world.people.com.cn/n1/2017/1019/c1002-29596242.html,
美国男子竟教唆3岁童开枪杀仇人 被控谋…,http://world.people.com.cn/n1/2017/1019/c1002-29596227.html,
越南警方向中方移交一名走私逃犯,http://world.people.com.cn/n1/2017/1019/c1002-29596201.html,
吴海涛大使在安理会阐述中国对巴以问题及…,http://world.people.com.cn/n1/2017/1019/c1002-29596186.html,
美国中国总商会发布新网站及中美投资合作…,http://world.people.com.cn/n1/2017/1019/c1002-29596124.html,
高清：全军和武警部队官兵认真收听收看十…,http://military.people.com.cn/n1/2017/1019/c1011-29596094.html,
联合国秘书长宣布将于下周访问中非共和国,http://world.people.com.cn/n1/2017/1019/c1002-29596086.html,
中国设计亮相蒙特利尔国际设计峰会,http://world.people.com.cn/n1/2017/1019/c1002-29596031.html,
59岁临终黑猩猩见到人类老友面露笑容 …,http://world.people.com.cn/n1/2017/1019/c107182-29595983.html,
英国失业人数减少52000 失业率没有…,http://world.people.com.cn/n1/2017/1019/c1002-29595982.html,
习近平作报告全场71次掌声 此处最密、…,/n1/2017/1018/c1001-29595185.html,
浙江两名省管干部涉嫌严重违纪接受审查,http://fanfu.people.com.cn/n1/2017/1108/c64371-29633316.html,
,http://theory.people.com.cn/n1/2017/1108/c40531-29633757.html,
十九大党章修正案的新时代意蕴,http://theory.people.com.cn/n1/2017/1108/c40531-29633563.html,
不忘初心是实现两个百年目标的精神动力,http://theory.people.com.cn/n1/2017/1108/c40531-29633533.html,
历史上入党誓词有过几个版本？,http://dangshi.people.com.cn/n1/2017/1107/c85037-29631910.html,
谈毛泽东诗词的秋意象：万类霜天竞自由,http://dangshi.people.com.cn/n1/2017/1106/c85037-29629541.html,
,http://rmfp.people.com.cn/,
,http://lb.people.com.cn/315fc/index.php,
,http://315.auto.people.com.cn/index.php,
央行数据：中国外储三年来首次“九连增”,http://money.people.com.cn/n1/2017/1109/c42877-29635372.html,
年关将至房贷额度吃紧 首套房利率小幅上涨,http://house.people.com.cn/n1/2017/1109/c164220-29635430.html,
一位地方统计局局长的“环保经济账”,http://env.people.com.cn/n1/2017/1108/c1010-29633335.html,
运营商争推1元1G流量 老用户为啥搁在门外,http://it.people.com.cn/n1/2017/1108/c1009-29632850.html,
中国稳居全球第二大对外投资国,http://world.people.com.cn/n1/2017/1109/c1002-29635972.html,
日本一直升机坠毁致四人丧生,http://world.people.com.cn/n1/2017/1109/c1002-29635225.html,
沙特对内忙反腐　对外多线出击,http://world.people.com.cn/n1/2017/1109/c1002-29635354.html,
"吉尼斯世界纪录日:包罗万象记""世界之最""",http://world.people.com.cn/n1/2017/1109/c1002-29635291.html,
,http://tv.people.com.cn/n1/2017/1108/c25060-29634715.html,
,http://tv.people.com.cn/n1/2017/1107/c413792-29632647.html,
记者节：最深情的牵挂,http://tv.people.com.cn/n1/2017/1108/c413792-29635053.html,
大美！航拍《诗经》里提到39次的城市,http://tv.people.com.cn/n1/2017/1108/c413792-29635028.html,
人民网记者实拍消防搜救犬训练,http://tv.people.com.cn/n1/2017/1108/c413792-29634979.html,
喊麦+舞蹈  安徽消防“快闪”合肥南站,http://tv.people.com.cn/n1/2017/1108/c413792-29635050.html,
党报天天读：记者节，在创新中回望初心,http://tv.people.com.cn/n1/2017/1108/c414398-29634649.html,
快看看大一体操新生的专项训练,http://tv.people.com.cn/n1/2017/1106/c222296-29630209.html,
湖北随州市市长郄英才任襄阳市代理市长,http://leaders.people.com.cn/n1/2017/1107/c58278-29630970.html,
江苏宿迁：引进千名本土大学生返乡创业,http://leaders.people.com.cn/n1/2017/1108/c58278-29633360.html,
常州市部署学习宣传党的十九大精神,http://leaders.people.com.cn/n1/2017/1107/c369803-29631815.html, 
海南海口：全面推行“不见面”审批,http://leaders.people.com.cn/n1/2017/1108/c58278-29634163.html,
“百名红通人员”贺俭回国投案,http://leaders.people.com.cn/n1/2017/1108/c58278-29633370.html,
第97届全国糖酒商品交易会10日在渝开幕,http://cq.people.com.cn/n2/2017/1108/c365401-30901662.html,
"委员建言城市管理 青岛""神速""推行街长制",http://sd.people.com.cn/n2/2017/1108/c172941-30901734.html,
"上海杨浦区""创业创新司法服务基地""揭牌",http://sh.people.com.cn/n2/2017/1108/c134768-30901125.html,
致敬记者节——在路上，我们一起奔跑！,"http://henan.people.com.cn/GB/356898/383646/index.html
",
国家文物局:进一步加大文物建筑开放力度,http://culture.people.com.cn/n1/2017/1108/c1013-29633372.html,
中国文学融入世界文学：在学习中创造自己,http://culture.people.com.cn/n1/2017/1108/c1013-29633391.html,
林永健直面中年危机：男人要像泰山一样,http://ent.people.com.cn/n1/2017/1108/c1012-29633576.html,
专家谈纪录片:历史记录者 中国故事宣讲者,http://ent.people.com.cn/n1/2017/1108/c1012-29633560.html,
官宣：再次将周琦下放至发展联盟毒蛇队,http://sports.people.com.cn/n1/2017/1109/c22151-29635307.html,
北京冬奥会场馆和基础设施建设已全面开工,http://sports.people.com.cn/n1/2017/1109/c14820-29635090.html,
国足备战热身赛 主帅为爱将求情,http://sports.people.com.cn/n1/2017/1109/c22136-29635227.html,
体育成产业 联赛是座桥（体坛观澜）,http://sports.people.com.cn/n1/2017/1109/c14820-29635289.html,
"解码中国方略:聚焦十九大报告14个""坚持""",http://politics.people.com.cn/n1/2017/1108/c1001-29632746.html,
人社部:工程、经济等11系列增设正高职称,http://politics.people.com.cn/n1/2017/1108/c1001-29632695.html,
"政府定价成本监审办法:打破""听证必涨价""",http://finance.people.com.cn/n1/2017/1108/c1004-29632714.html,
调查:孩子和家长假期怎么越过越忙？,http://society.people.com.cn/n1/2017/1108/c1008-29632707.html,
"多地监管""飞奔外卖"" 评:阻遏风险转嫁",http://opinion.people.com.cn/n1/2017/1108/c1003-29632732.html,
"解码中国方略:聚焦十九大报告14个""坚持""",http://politics.people.com.cn/n1/2017/1108/c1001-29632746.html,
人社部:工程、经济等11系列增设正高职称,http://politics.people.com.cn/n1/2017/1108/c1001-29632695.html,
"政府定价成本监审办法:打破""听证必涨价""",http://finance.people.com.cn/n1/2017/1108/c1004-29632714.html,
调查:孩子和家长假期怎么越过越忙？,http://society.people.com.cn/n1/2017/1108/c1008-29632707.html,
"多地监管""飞奔外卖"" 评:阻遏风险转嫁",http://opinion.people.com.cn/n1/2017/1108/c1003-29632732.html,
“砥砺奋进的五年”大型成就展网上展馆,http://dlfj5.cctv.com/,
"砥砺奋进的5年,小城故事多,理论新视野","http://rmfp.people.com.cn/GB/407411/412532/index.html,http://finance.people.com.cn/GB/8215/401864/406535/index.html,http://www.qstheory.cn/zt2017/xcgcdd19djs/index.htm"," , "
老中医调理在线治未病专项基金成立发布会,http://tv.people.com.cn/n1/2017/1024/c43911-29606778.html,
通过一条留言 贵州这三位农民工拿到血汗钱,http://leaders.people.com.cn/n1/2017/1108/c178291-29633123.html,
私占车位现象谁来管？ 北京网友留言获答复,http://leaders.people.com.cn/n1/2017/1108/c178291-29633148.html,
网友投诉小旅馆扰民 经营者常到火车站拉客,http://leaders.people.com.cn/n1/2017/1108/c178291-29633117.html,
网友给江西省委书记留言获回复 共计12条,http://leaders.people.com.cn/n1/2017/1108/c178291-29633157.html,
网友给青海省委书记留言获回复 共计7条,http://leaders.people.com.cn/n1/2017/1108/c178291-29633135.html,
网友给山东省省长留言获回复 共计10条,http://leaders.people.com.cn/n1/2017/1108/c178291-29633143.html,
"职场人为何逃离北上广,网购背后多少套路","http://bbs1.people.com.cn/post/1/1/2/165148501.html,http://bbs1.people.com.cn/post/1/1/2/165147164.html"," 
"
"谁动了你的购物小票,教育怎能成微波炉?","http://bbs1.people.com.cn/post/1/1/2/165148940.html,http://bbs1.people.com.cn/post/1/1/2/165145365.html"," 
"
"发达国家子女比父母穷?,亲子作业做不起?","http://bbs1.people.com.cn/post/1/1/2/165148973.html,http://bbs1.people.com.cn/post/2/1/2/165147439.html"," 
"
"套路消费者,终将蛋打鸡飞自食苦果!",http://bbs1.people.com.cn/post/1/1/2/165153221.html,
,http://ft.people.com.cn/fangtanDetail.do?pid=16285,"
           "
,http://leaders.people.com.cn/GB/124571/415038/index.html,"
           "
,http://ft.people.com.cn/fangtanDetail.do?pid=16281,"
           "
专家:追求公平正义是各级党政机关工作重心,http://www.people.com.cn/n1/2017/1022/c32306-29601490.html,
专家戴焰军、许耀桐解读十九大报告亮点,http://ft.people.com.cn/fangtanDetail.do?pid=16275,
专家：依法立法 即破除部门利益法律化问题,http://www.people.com.cn/n1/2017/1021/c32306-29600242.html,
"中国航天员太空秘事,异地办身份证全攻略","http://t.people.com.cn/11796164/172578412,http://t.people.com.cn/14123838/172581507", 
"自动扶梯上这几处很危险,国考冲刺必备","http://t.people.com.cn/pinganbeijing/172581367,http://t.people.com.cn/11796164/172577955", 
"官方租房平台上线,将带来啥变化?",http://t.people.com.cn/topicsearchV3.action?topicId=2609,
"一个人吃饭不利于健康,刚立冬，别急着大补","http://health.people.com.cn/n1/2017/1108/c14739-29632996.html,http://health.people.com.cn/n1/2017/1108/c14739-29633144.html", 
"气色差是吃出来的,为什么天一冷就会流鼻涕","http://health.people.com.cn/n1/2017/1108/c14739-29633072.html,http://health.people.com.cn/n1/2017/1108/c14739-29633818.html", 
"如何读懂健康年检报告,冬季皮肤干燥怎么办","http://health.people.com.cn/n1/2017/1108/c14739-29633798.html,http://health.people.com.cn/n1/2017/1108/c14739-29633397.html", 
吃栗子补肾养胃 街头选购当心猫腻,http://health.people.com.cn/n1/2017/1108/c14739-29633361.html,
发现更多新物态 解密综合极端条件实验装置,http://kjsh.people.cn/n1/2017/1108/c404389-29633004.html,
怕蛇怕蜘蛛？这是人类“与生俱来”的天性,http://kjsh.people.cn/n1/2017/1108/c404389-29633288.html,
用法律遏制电子商务“野蛮生长”,http://scitech.people.com.cn/n1/2017/1108/c1007-29633198.html,
控制系统让北斗卫星很“自律”,http://scitech.people.com.cn/n1/2017/1108/c1007-29633208.html,
2018国考济南铁路公安局最高竞争比705：1,http://edu.people.com.cn/n1/2017/1108/c1053-29633718.html,
中国家庭培养留学生遇困局,http://edu.people.com.cn/n1/2017/1108/c1053-29633959.html,
"小学农耕课设在农场 田间地头""识五谷""",http://edu.people.com.cn/n1/2017/1108/c1053-29633950.html,
"大晒家底是""家长病"" 家委会千万别变味",http://edu.people.com.cn/n1/2017/1108/c1053-29633938.html,
戍守雪域，如何在新时代“百炼成钢”,http://military.people.com.cn/n1/2017/1108/c1011-29633831.html,
火箭海上发射指日可待 18年可向用户服务,http://military.people.com.cn/n1/2017/1108/c1011-29633929.html,
国防动员如何嵌入智慧“芯片”,http://military.people.com.cn/n1/2017/1108/c1011-29633878.html,
军队36名干部入选国家百千万人才工程,http://military.people.com.cn/n1/2017/1108/c1011-29633545.html,
"""宇宙不重启不休息"" 为何我们还要做记者",http://media.people.com.cn/n1/2017/1109/c40606-29635189.html,
"网络政务平台需提升,堵住""网眼""要多个心眼","http://media.people.com.cn/n1/2017/1109/c40606-29635209.html,http://media.people.com.cn/n1/2017/1109/c40606-29635199.html", 
"""电纸书""还有人读吗,你会""网晒""学习成果吗","http://media.people.com.cn/n1/2017/1109/c40606-29635350.html,http://media.people.com.cn/n1/2017/1109/c40606-29635251.html", 
"""演员的诞生""直面争议,网剧为何突然变好看","http://media.people.com.cn/n1/2017/1109/c40606-29635326.html,http://media.people.com.cn/n1/2017/1109/c40606-29635193.html", 
古代文人爱笔舔 个别笔舔拍场表现抢眼,http://art.people.com.cn/n1/2017/1108/c226026-29633870.html,
读《藏书票札记》：一页风景 方寸人生,http://art.people.com.cn/n1/2017/1108/c226026-29633868.html,
笔筒：材质风格各不同 胎釉画型俱精彩,http://art.people.com.cn/n1/2017/1108/c226026-29633857.html,
"外贸史上的白银中国风,上海匡时首拍9.4亿","http://art.people.com.cn/n1/2017/1108/c226026-29634020.html,http://art.people.com.cn/n1/2017/1108/c226026-29633933.html", 
中国汽车产业的新机遇在哪？,http://auto.people.com.cn/n1/2017/1109/c1005-29635317.html,
丰田公司上调全年营业利润预期,http://auto.people.com.cn/n1/2017/1109/c1005-29635413.html,
多家车企降目标 谁的答卷合格,http://auto.people.com.cn/n1/2017/1109/c1005-29635463.html,
日产汽车日本工厂再曝造假行为,http://auto.people.com.cn/n1/2017/1109/c1005-29635505.html,
租房贷款 你会用么？,http://house.people.com.cn/n1/2017/1109/c164220-29635498.html,
百万元租房贷需防套现风险,http://house.people.com.cn/n1/2017/1109/c164220-29635572.html,
海外置业 资产安全最重要,http://house.people.com.cn/n1/2017/1109/c164220-29635457.html,
增加租赁住房用地让租金“降降降”,http://house.people.com.cn/n1/2017/1109/c164220-29635655.html,
国税局:全面推开营改增试点累计减税超万亿元,http://politics.people.com.cn/n1/2017/1108/c1001-29633110.html,
人社部：会计等11个职称系列增设正高级,http://politics.people.com.cn/n1/2017/1108/c1001-29632762.html,
环保新规：超排4次即停产,http://politics.people.com.cn/n1/2017/1108/c1001-29633575.html,
中国城市硬科技指数首次发布,http://politics.people.com.cn/n1/2017/1108/c1001-29633257.html,
“托举哥”托起光缆让车行,http://society.people.com.cn/n1/2017/1108/c1008-29633873.html,
嫌楼上住户太吵竟买来“震楼神器”,http://society.people.com.cn/n1/2017/1108/c1008-29633353.html,
210万吨建筑垃圾原地“变废为宝”,http://society.people.com.cn/n1/2017/1108/c1008-29633495.html,
网购代收，当心“馅饼”变陷阱,http://society.people.com.cn/n1/2017/1108/c1008-29632748.html,
数读舆情：十九大报告都提到谁的名字？,http://yuqing.people.com.cn/n1/2017/1026/c209043-29610977.html,
"@人民日报微视频 关注城市""老漂族""",http://yuqing.people.com.cn/n1/2017/1103/c209043-29625218.html,
"从""番茄炒蛋""看金融机构品牌形象塑造",http://yuqing.people.com.cn/n1/2017/1103/c209043-29625558.html,
@天津交警自制科普视频 创优质内容品牌,http://yuqing.people.com.cn/n1/2017/1102/c209043-29622948.html,
红色经典在世界的传播,http://culture.people.com.cn/n1/2017/1108/c1013-29632777.html,
能进京 能下乡 熟悉的高甲戏又回来了,http://culture.people.com.cn/n1/2017/1108/c1013-29633917.html,
十余场演出共赴冬日冰雪之约 融合中国风,http://culture.people.com.cn/n1/2017/1108/c1013-29633330.html,
"""创意中国""将开播 领略中国非物质文化遗产",http://culture.people.com.cn/n1/2017/1108/c1013-29633704.html,
海南强降雨 全省转移11050人,http://env.people.com.cn/n1/2017/1109/c1010-29635675.html,
治理秸秆焚烧要有农民视角,http://env.people.com.cn/n1/2017/1109/c1010-29635196.html,
十余车粪便偷倒小月河 清理耗资百万,http://env.people.com.cn/n1/2017/1109/c1010-29635201.html,
共享快递盒 能否治得住快递垃圾？,http://env.people.com.cn/n1/2017/1109/c1010-29635845.html,
首部猎头题材行业剧火热开播 孙红雷当绿叶,http://ent.people.com.cn/n1/2017/1108/c1012-29633307.html,
"""兄弟别闹""首映 高晓攀:对比沈腾风格不同",http://ent.people.com.cn/n1/2017/1108/c1012-29633442.html,
"更多大剧真人秀及纪录片将打造明年""爆款""",http://ent.people.com.cn/n1/2017/1108/c1012-29633536.html,
《恋爱先生》杀青 靳东变身“恋爱达人”,http://ent.people.com.cn/n1/2017/1108/c1012-29633590.html,
中消协提示：面对“双十一”消费者应理性,http://fashion.people.com.cn/n1/2017/1108/c1014-29633918.html,
宿舍比拼一字马花样秀出新难度,http://fashion.people.com.cn/n1/2017/1108/c1014-29632950.html,
王子文晒16岁旧照清纯貌美 ,http://fashion.people.com.cn/n1/2017/1108/c1014-29632995.html,
有了这几款包包，不吃土巨时髦,http://fashion.people.com.cn/n1/2017/1108/c1014-29633207.html,
安全生产大检查查处隐患1742项,http://energy.people.com.cn/n1/2017/1109/c71661-29635242.html,
英国学生偶然发现咖啡残渣变燃料,http://energy.people.com.cn/n1/2017/1109/c71661-29635216.html,
晶科能源单晶电池效率超23%破世界纪录,http://energy.people.com.cn/n1/2017/1109/c71661-29635342.html,
第五批成品油出口配额下发 助推价格大涨,http://energy.people.com.cn/n1/2017/1109/c71661-29635361.html,
共享快递盒 能否治得住快递垃圾？,http://it.people.com.cn/n1/2017/1109/c1009-29635934.html,
双11网购咋绕开陷阱 这些维权案例给你提醒,http://it.people.com.cn/n1/2017/1109/c1009-29635224.html,
世界互联网工业大会聚焦新动能,http://it.people.com.cn/n1/2017/1109/c1009-29635445.html,
快递员减压室未受热捧 派件量大没时间去,http://it.people.com.cn/n1/2017/1109/c1009-29635562.html,
"把水果当主食能减肥?,美食推荐:西芹鱼面筋","http://shipin.people.com.cn/n1/2017/1108/c85914-29634010.html,http://shipin.people.com.cn/n1/2017/1108/c85914-29634061.html", 
"看营养标签选择健康食品,解冻肉 窍门多多","http://shipin.people.com.cn/n1/2017/1108/c85914-29634006.html,http://shipin.people.com.cn/n1/2017/1108/c85914-29634062.html", 
"养胃食物吃错反伤胃,腐乳叉烧适合各类人群","http://shipin.people.com.cn/n1/2017/1108/c85914-29634001.html,http://shipin.people.com.cn/n1/2017/1108/c85914-29634011.html", 
鲜淮山芡实煲羊肉汤 养阴健脾养肺,http://shipin.people.com.cn/n1/2017/1108/c85914-29634002.html,
揭秘劣质红木家具的惯用造假手段,http://jiaju.people.com.cn/n1/2017/1024/c151264-29605834.html,
百搭亦有文化品位 这是中国的红木家具,http://jiaju.people.com.cn/n1/2017/1025/c151264-29608023.html,
二十年征程，只为追逐诚信经商的中国梦,http://jiaju.people.com.cn/n1/2017/1026/c151264-29610228.html,
李黎明：东作红木文化的倡导者,http://hongmu.people.com.cn/n1/2017/1022/c392126-29601828.html,
甘肃关山老爷岭秋意浓 山林似天然调色板,"
http://chinapic.people.com.cn/forum.php?mod=viewthread&tid=5968455",
重庆一高校上万平米格桑花盛开 蔚为壮观,"
http://chinapic.people.com.cn/forum.php?mod=viewthread&tid=5968453",
"秦岭晚秋寻访深山村落,兆麟公园秋色旖旎","
http://chinapic.people.com.cn/forum.php?mod=viewthread&tid=5968399,
http://chinapic.people.com.cn/forum.php?mod=viewthread&tid=5968386","

"
"南京郊外千亩水杉林展现绝美画卷,太平鸟","
http://chinapic.people.com.cn/forum.php?mod=viewthread&tid=5968459,
http://chinapic.people.com.cn/forum.php?mod=viewthread&tid=5968410","

"
自主研发高铁“四电”集成技术国际先进,http://scitech.people.com.cn/n1/2017/1108/c1007-29633204.html,
《自然》称优化作物分布可多养亿万人口,http://scitech.people.com.cn/n1/2017/1108/c1007-29633213.html,
靠WiFi打电话：技术可行，需求不明,http://scitech.people.com.cn/n1/2017/1108/c1007-29633242.html,
高灵敏度“电子皮肤”可以量产了,http://scitech.people.com.cn/n1/2017/1108/c1007-29633163.html,
A股IPO过会率创新低 被否率超83%,http://money.people.com.cn/n1/2017/1109/c42877-29635369.html,
数据显示：上月互金融资锐减近六成,http://money.people.com.cn/n1/2017/1109/c42877-29635622.html,
审核逻辑生变 IPO过会率降至不足六成,http://money.people.com.cn/n1/2017/1109/c42877-29635753.html,
年关将至 房贷额度吃紧利率上涨,http://finance.people.com.cn/n1/2017/1109/c1004-29635765.html,
湖南桂东：不让一个学生因贫辍学,http://gongyi.people.com.cn/n1/2017/1108/c151132-29633396.html,
过分同情何尝不是一种高姿态的俯视,http://gongyi.people.com.cn/n1/2017/1108/c151132-29633300.html,
中国首单扶贫专项债券成功发行,http://gongyi.people.com.cn/n1/2017/1108/c151132-29633530.html,
企业参与公立学校办学值得鼓励,http://gongyi.people.com.cn/n1/2017/1108/c151132-29633308.html,
定制家居利润增长可观,http://jiaju.people.com.cn/n1/2017/1103/c151264-29624865.html,
前三季度 家居上市公司业绩纷纷飘红,http://jiaju.people.com.cn/n1/2017/1103/c151264-29625039.html,
李志林：传统制造业正进入品牌驱动时代,http://jiaju.people.com.cn/n1/2017/1103/c151264-29625221.html,
互联网家装APP月活逾百万,http://jiaju.people.com.cn/n1/2017/1103/c151264-29625234.html,
中国首条柔性显示生产线量产,http://jiaju.people.com.cn/n1/2017/1027/c151264-29612339.html,
18载20届灯博会迈向新征程,http://jiaju.people.com.cn/n1/2017/1027/c151264-29612343.html,
打破韩国垄断  国产OLED屏幕即将量产,http://jiaju.people.com.cn/n1/2017/1020/c151264-29597768.html,
第20届灯都古镇灯博会“双展”同开,http://dengshi.people.com.cn/n1/2017/1013/c402603-29586744.html,
沈南鹏：后智能手机时代资本何去何从,http://capital.people.com.cn/n1/2017/1108/c405954-29633714.html,
刘强东：我不认为AI真会把人类干掉,http://capital.people.com.cn/n1/2017/1108/c405954-29633687.html,
大消费主题基金四季度来业绩领先,http://capital.people.com.cn/n1/2017/1108/c405954-29633012.html,
“微保”登陆微信 腾讯阿里保险大战在即,http://capital.people.com.cn/n1/2017/1108/c405954-29633634.html,
中国首单扶贫专项债券成功发行,http://rmfp.people.com.cn/n1/2017/1108/c406725-29633416.html,
福建晋江：首批职业农民持证上岗,http://rmfp.people.com.cn/n1/2017/1108/c406725-29633919.html,
内蒙古科尔沁右翼中旗生态扶贫成效显著 ,http://rmfp.people.com.cn/n1/2017/1108/c406725-29633217.html,
农业部全力扎实推进政务信息资源整合共享,http://rmfp.people.com.cn/n1/2017/1108/c406725-29633915.html,
党员必修课：党章,http://mooc.people.com.cn/rmmooc_front/course_detail?id=114,
习总书记的国企党建新要求,http://mooc.people.com.cn/rmmooc_front/course_detail?id=124,
基层党组书记“如何讲好党课”,http://mooc.people.com.cn/rmmooc_front/course_detail?id=113,
党员干部如何把握群众关系,http://mooc.people.com.cn/rmmooc_front/course_detail?id=115,
北上广用人需求下降，这事该怎么看？,http://industry.people.com.cn/n1/2017/1108/c413883-29633614.html,
这种行为涉嫌诈骗！你朋友可能也在做,http://industry.people.com.cn/n1/2017/1108/c413883-29633251.html,
想买房的注意！这些户型 再便宜也不能选,http://industry.people.com.cn/n1/2017/1108/c413883-29633323.html,
前9个月我国服务进出口总额 同比增长8.8%,http://industry.people.com.cn/n1/2017/1108/c413883-29633611.html,
 家国情怀 国投发布首部扶贫白皮书暨专题片,http://ydyl.people.com.cn/n1/2017/1108/c411837-29634821.html,
废铁丝做工艺品 35岁农民艺术家扬名海外,http://ydyl.people.com.cn/n1/2017/1108/c411837-29633676.html,
126名世界佳丽亮相海南三亚 花车巡游,http://ydyl.people.com.cn/n1/2017/1108/c411837-29633700.html,
华为手机波兰市场份额3年连增,http://ydyl.people.com.cn/n1/2017/1108/c411837-29633897.html,
社长杨振武会见以色列驻华大使何泽伟一行,http://www.people.com.cn/n1/2017/0713/c411691-29403072.html,
总编辑李宝善会见高通公司首席执行官一行,http://www.people.com.cn/n1/2017/0830/c411691-29505034.html,
"副总编辑王一彪会见“一带一路”媒体团
",http://www.people.com.cn/n1/2017/0419/c411691-29222547.html,
人民日报英文客户端正式上线,http://media.people.com.cn/n1/2017/1016/c40606-29588474.html,
“2017环球风尚”公众投票通道开启,http://special.huanqiu.com/art/2017-10/11329876.html,
"人民日报图文数据库,党报头版要闻","http://58.68.146.102/rmrb,http://58.68.146.102/pd/dbtbyw",　
"领导人活动报道集,省部长言论信息","http://58.68.146.102/pd/ldrhdbd,http://58.68.146.102/pd/sbzyl",　
"人民日报社论、言论,人民时评库","http://58.68.146.102/pd/rmrbyl,http://58.68.146.102/pd/rmsp",　
"中国共产党重大事件人物库,法律法规","http://58.68.146.102/pd/zdsj,http://58.68.146.102/pd/flfg",　
"中国共产党重要文献,政府工作报告","http://58.68.146.102/pd/zywx,http://58.68.146.102/pd/gzbg",　
"中共历次全会重要文献,国家政策信息","http://58.68.146.102/pd/zglcqhzywx,http://58.68.146.102/pd/gjzcxx",　
"全国人民代表大会数据库,各地政策信息","http://58.68.146.102/pd/qgrmdbdh/index.html,http://58.68.146.102/pd/gdzcxx",　
"历届全国政协文献信息库,学术理论文库","http://58.68.146.102/pd/zzxshy,http://58.68.146.102/pd/xsll",　
高层领导人报道集,http://politics.people.com.cn/GB/8198/105667/index.html,
"地方领导资料库,历次党代会","http://ldzl.people.com.cn/,http://cpc.people.com.cn/GB/64162/64168/index.html"," , 
"
"历届人大政协会议,外交部发言人","http://cppcc.people.com.cn/GB/35339/index.html,http://world.people.com.cn/GB/9491/index.html", 
"中央重拳打击腐败,人事任免","http://politics.people.com.cn/GB/8198/385148/index.html,http://renshi.people.com.cn/GB/64096/index.html"," ,
"
"开国将帅名录,党史人物纪念馆","http://cpc.people.com.cn/GB/64162/126778/index.html,http://cpc.people.com.cn/GB/69112/73867/index.html"," , "
"历年访谈汇总,2017两会访谈录","http://fangtan.people.com.cn/GB/392125/index.html,http://www.people.com.cn/32306/411007/411123/index.html"," , "
"高考,考公务员,图解新闻","http://edu.people.com.cn/GB/gaokao/,http://edu.people.com.cn/GB/gongwuyuan/,http://opinion.people.com.cn/GB/364827/index.html"," , "
证监会答复投资者信息检索库,http://finance.people.com.cn/stock/GB/47796/358876/index.html, 
